UID DA TOMADA,CIDADE,MORADA,OPERADOR,TYPE2 7kW Custo €,Duração (minutos) até 7kW,POTÊNCIA DA TOMADA (kW),TARIFA 1,TARIFA 2,TARIFA 3,FORMATO DA TOMADA,ESTADO DA TOMADA
VNG-90003-01,Vila Nova de Gaia,Avenida da República,EDP - EDP Comercial,2.335,583,37,"€0,004/min ",,,SOCKET,Disponível
VNG-90003-03,Vila Nova de Gaia,Avenida da República,EDP - EDP Comercial,2.335,583,37,"€0,004/min ",,,SOCKET,Disponível
VNG-90003-02,Vila Nova de Gaia,Avenida da República,EDP - EDP Comercial,2.335,583,37,"€0,004/min ",,,SOCKET,Disponível
VNG-90003-04,Vila Nova de Gaia,Avenida da República,EDP - EDP Comercial,2.335,583,37,"€0,004/min ",,,SOCKET,Disponível
VNG-90011-02,Vila Nova de Gaia,Rua Conselheiro Veloso da Cruz,EDP - EDP Comercial,2.335,583,37,"€0,004/min ",,,SOCKET,Disponível
VNG-90011-01,Vila Nova de Gaia,Rua Conselheiro Veloso da Cruz,EDP - EDP Comercial,2.335,583,37,"€0,004/min ",,,SOCKET,Disponível
VNG-90013-02,Vila Nova de Gaia,Avenida de Beira Mar,EDP - EDP Comercial,2.335,583,37,"€0,004/min ",,,SOCKET,Disponível
VNG-90013-01,Vila Nova de Gaia,Avenida de Beira Mar,EDP - EDP Comercial,2.335,583,37,"€0,004/min ",,,SOCKET,Em uso
PRT-90082-1,Porto,Rua Duque de Loulé,HRZ - Power Dot,2.685,583,37,"€0,0046/min ",,,SOCKET,Disponível
PRT-90082-4,Porto,Rua Duque de Loulé,HRZ - Power Dot,2.685,583,37,"€0,0046/min ",,,SOCKET,Disponível
PRT-90082-3,Porto,Rua Duque de Loulé,HRZ - Power Dot,2.685,583,37,"€0,0046/min ",,,SOCKET,Disponível
PRT-90082-2,Porto,Rua Duque de Loulé,HRZ - Power Dot,2.685,583,37,"€0,0046/min ",,,SOCKET,Disponível
PRT-90085-01,Porto,Rua de Cervantes,HRZ - Power Dot,2.685,583,37,"€0,0046/min ",,,SOCKET,Disponível
PRT-90085-04,Porto,Rua de Cervantes,HRZ - Power Dot,2.685,583,37,"€0,0046/min ",,,SOCKET,Disponível
PRT-90085-02,Porto,Rua de Cervantes,HRZ - Power Dot,2.685,583,37,"€0,0046/min ",,,SOCKET,Em uso
PRT-90085-03,Porto,Rua de Cervantes,HRZ - Power Dot,2.685,583,37,"€0,0046/min ",,,SOCKET,Disponível
VNG-90001-1,Vila Nova de Gaia,Rua das Camélias,HRZ - Power Dot,2.685,583,37,"€0,0046/min ",,,SOCKET,Disponível
VNG-90001-3,Vila Nova de Gaia,Rua das Camélias,HRZ - Power Dot,2.685,583,37,"€0,0046/min ",,,SOCKET,Disponível
VNG-90001-4,Vila Nova de Gaia,Rua das Camélias,HRZ - Power Dot,2.685,583,37,"€0,0046/min ",,,SOCKET,Disponível
VNG-90001-2,Vila Nova de Gaia,Rua das Camélias,HRZ - Power Dot,2.685,583,37,"€0,0046/min ",,,SOCKET,Disponível
VNG-90002-04,Vila Nova de Gaia,Alameda da Serra do Pilar,HRZ - Power Dot,2.685,583,37,"€0,0046/min ",,,SOCKET,Disponível
VNG-90002-02,Vila Nova de Gaia,Alameda da Serra do Pilar,HRZ - Power Dot,2.685,583,37,"€0,0046/min ",,,SOCKET,Disponível
VNG-90002-01,Vila Nova de Gaia,Alameda da Serra do Pilar,HRZ - Power Dot,2.685,583,37,"€0,0046/min ",,,SOCKET,Disponível
VNG-90002-03,Vila Nova de Gaia,Alameda da Serra do Pilar,HRZ - Power Dot,2.685,583,37,"€0,0046/min ",,,SOCKET,Disponível
PRT-00119-1,Porto,Universidade Católica Portuguesa,MOT - Renewing,3.261,583,22,"€0,2608/charge ","€0,05/kWh ",€0/min ,SOCKET,Disponível
PRT-00120-1,Porto,Universidade Católica Portuguesa,MOT - Renewing,3.261,583,22,"€0,2608/charge ","€0,05/kWh ",€0/min ,SOCKET,Disponível
PRT-90081-1,Porto,Rua de Cedofeita,GLP - Galp,3.444,583,37,"€0,0059/min ",,,SOCKET,Disponível
PRT-90081-3,Porto,Rua de Cedofeita,GLP - Galp,3.444,583,37,"€0,0059/min ",,,SOCKET,Disponível
PRT-90081-4,Porto,Rua de Cedofeita,GLP - Galp,3.444,583,37,"€0,0059/min ",,,SOCKET,Em uso
PRT-90081-2,Porto,Rua de Cedofeita,GLP - Galp,3.444,583,37,"€0,0059/min ",,,SOCKET,Disponível
VNG-90005-01,Vila Nova de Gaia,Rua Barão Corvo ,GLP - Galp,3.444,583,37,"€0,0059/min ",,,SOCKET,Disponível
VNG-90005-02,Vila Nova de Gaia,Rua Barão Corvo ,GLP - Galp,3.444,583,37,"€0,0059/min ",,,SOCKET,Disponível
PRT-90086-2,Porto,Rua Ofélia Diogo da Costa,EDP - EDP Comercial,4.086,583,22,"€0,007/min ",,,SOCKET,Disponível
PRT-90086-1,Porto,Rua Ofélia Diogo da Costa,EDP - EDP Comercial,4.086,583,22,"€0,007/min ",,,SOCKET,Disponível
VNG-90006-01,Vila Nova de Gaia,Rua Afonso de Albuquerque,EDP - EDP Comercial,4.086,583,22,"€0,007/min ",,,SOCKET,Disponível
VNG-90006-02,Vila Nova de Gaia,Rua Afonso de Albuquerque,EDP - EDP Comercial,4.086,583,22,"€0,007/min ",,,SOCKET,Disponível
PRT-90080-03,Porto,Rua António Bessa Leite,KLC - Atlante,5.838,583,37,"€0,01/min ",,,SOCKET,Disponível
PRT-90080-02,Porto,Rua António Bessa Leite,KLC - Atlante,5.838,583,37,"€0,01/min ",,,SOCKET,Disponível
PRT-90080-04,Porto,Rua António Bessa Leite,KLC - Atlante,5.838,583,37,"€0,01/min ",,,SOCKET,Disponível
PRT-90080-01,Porto,Rua António Bessa Leite,KLC - Atlante,5.838,583,37,"€0,01/min ",,,SOCKET,Disponível
VNG-90009-2,Vila Nova de Gaia,Rua São Cristóvão Mafamude,KLC - Atlante,5.838,583,37,"€0,01/min ",,,SOCKET,Disponível
VNG-90009-1,Vila Nova de Gaia,Rua São Cristóvão Mafamude,KLC - Atlante,5.838,583,37,"€0,01/min ",,,SOCKET,Disponível
MAI-00022-03,Maia,Rua D. Maria Faria N.º 230,KLC - Atlante,6.861,583,22,"€0,2608/charge ","€0,11/kWh ",,CABLE,Disponível
VNG-00035-2,Vila Nova de Gaia,R. 28 de Janeiro,KLC - Atlante,9.053,583,22,"€0,2964/charge ","€0,015/min ",,SOCKET,Em uso
VNG-00035-1,Vila Nova de Gaia,R. 28 de Janeiro,KLC - Atlante,9.053,583,22,"€0,2964/charge ","€0,015/min ",,SOCKET,Disponível
VNG-00069-02,Vila Nova de Gaia,Rua 28 de Janeiro 350,KLC - Atlante,9.053,583,22,"€0,2964/charge ","€0,015/min ",,CABLE,Disponível
VNG-00069-01,Vila Nova de Gaia,Rua 28 de Janeiro 350,KLC - Atlante,9.053,583,22,"€0,2964/charge ","€0,015/min ",,SOCKET,Disponível
GDM-00023-02,Gondomar,"Praceta Parque Nascente, 35",EDP - EDP Comercial,9.054,583,22,"€0,297/charge ","€0,015/min ",,SOCKET,Disponível
GDM-00023-01,Gondomar,"Praceta Parque Nascente, 35",EDP - EDP Comercial,9.054,583,22,"€0,297/charge ","€0,015/min ",,SOCKET,Disponível
PRT-00198-01,Porto," R. do Bolhão 128, Porto",PRI - Prio,9.057,583,37,"€0,3/charge ","€0,015/min ",,SOCKET,Disponível
PRT-00199-01,Porto," R. do Bolhão 128, Porto",PRI - Prio,9.057,583,37,"€0,3/charge ","€0,015/min ",,SOCKET,Disponível
VNG-00029-1,Vila Nova de Gaia,Rua da Baiza,PRI - Prio,9.057,583,74,"€0,3/charge ","€0,015/min ",,SOCKET,Disponível
VNG-00029-2,Vila Nova de Gaia,Rua da Baiza,PRI - Prio,9.057,583,74,"€0,3/charge ","€0,015/min ",,SOCKET,Disponível
MTS-00042-02,Matosinhos,Rua Fonte das Sete Bicas,GLP - Galp,11.353,583,74,"€0,2608/charge ","€0,019/min ",,SOCKET,Disponível
MTS-00042-01,Matosinhos,Rua Fonte das Sete Bicas,GLP - Galp,11.353,583,74,"€0,2608/charge ","€0,019/min ",,SOCKET,Disponível
MTS-00067-01,Matosinhos,Av. Dr. Óscar Lopes,GLP - Galp,11.353,583,74,"€0,2608/charge ","€0,019/min ",,SOCKET,Disponível
MTS-00067-02,Matosinhos,Av. Dr. Óscar Lopes,GLP - Galp,11.353,583,74,"€0,2608/charge ","€0,019/min ",,SOCKET,Disponível
MTS-00068-02,Matosinhos,Av. Dr. Óscar Lopes,GLP - Galp,11.353,583,74,"€0,2608/charge ","€0,019/min ",,SOCKET,Disponível
MTS-00068-01,Matosinhos,Av. Dr. Óscar Lopes,GLP - Galp,11.353,583,74,"€0,2608/charge ","€0,019/min ",,SOCKET,Disponível
MTS-00069-01,Matosinhos,Av. Dr. Óscar Lopes,GLP - Galp,11.353,583,74,"€0,2608/charge ","€0,019/min ",,SOCKET,Disponível
MTS-00069-02,Matosinhos,Av. Dr. Óscar Lopes,GLP - Galp,11.353,583,74,"€0,2608/charge ","€0,019/min ",,SOCKET,Disponível
MTS-00070-02,Matosinhos,Av. Dr. Óscar Lopes,GLP - Galp,11.353,583,74,"€0,2608/charge ","€0,019/min ",,SOCKET,Disponível
MTS-00070-01,Matosinhos,Av. Dr. Óscar Lopes,GLP - Galp,11.353,583,74,"€0,2608/charge ","€0,019/min ",,SOCKET,Disponível
MTS-00071-02,Matosinhos,Av. Dr. Óscar Lopes,GLP - Galp,11.353,583,74,"€0,2608/charge ","€0,019/min ",,SOCKET,Disponível
MTS-00071-01,Matosinhos,Av. Dr. Óscar Lopes,GLP - Galp,11.353,583,74,"€0,2608/charge ","€0,019/min ",,SOCKET,Disponível
MTS-00072-02,Matosinhos,Av. Dr. Óscar Lopes,GLP - Galp,11.353,583,74,"€0,2608/charge ","€0,019/min ",,SOCKET,Disponível
MTS-00072-01,Matosinhos,Av. Dr. Óscar Lopes,GLP - Galp,11.353,583,74,"€0,2608/charge ","€0,019/min ",,SOCKET,Disponível
MTS-00073-02,Matosinhos,Av. Dr. Óscar Lopes,GLP - Galp,11.353,583,74,"€0,2608/charge ","€0,019/min ",,SOCKET,Disponível
MTS-00073-01,Matosinhos,Av. Dr. Óscar Lopes,GLP - Galp,11.353,583,74,"€0,2608/charge ","€0,019/min ",,SOCKET,Disponível
MTS-00078-01,Matosinhos,Av. Dr. Óscar Lopes,GLP - Galp,11.353,583,74,"€0,2608/charge ","€0,019/min ",,SOCKET,Disponível
MTS-00078-02,Matosinhos,Av. Dr. Óscar Lopes,GLP - Galp,11.353,583,74,"€0,2608/charge ","€0,019/min ",,SOCKET,Disponível
MTS-00079-02,Matosinhos,Av. Dr. Óscar Lopes,GLP - Galp,11.353,583,74,"€0,2608/charge ","€0,019/min ",,SOCKET,Disponível
MTS-00079-01,Matosinhos,Av. Dr. Óscar Lopes,GLP - Galp,11.353,583,74,"€0,2608/charge ","€0,019/min ",,SOCKET,Disponível
MTS-00080-01,Matosinhos,Av. Dr. Óscar Lopes,GLP - Galp,11.353,583,74,"€0,2608/charge ","€0,019/min ",,SOCKET,Disponível
MTS-00080-02,Matosinhos,Av. Dr. Óscar Lopes,GLP - Galp,11.353,583,74,"€0,2608/charge ","€0,019/min ",,SOCKET,Disponível
MTS-00081-01,Matosinhos,Av. Dr. Óscar Lopes,GLP - Galp,11.353,583,74,"€0,2608/charge ","€0,019/min ",,SOCKET,Disponível
MTS-00081-02,Matosinhos,Av. Dr. Óscar Lopes,GLP - Galp,11.353,583,74,"€0,2608/charge ","€0,019/min ",,SOCKET,Disponível
PRT-00121-01,Porto,Estrada da Circunvalação,GLP - Galp,11.353,583,74,"€0,2608/charge ","€0,019/min ",,SOCKET,Disponível
PRT-00121-02,Porto,Estrada da Circunvalação,GLP - Galp,11.353,583,74,"€0,2608/charge ","€0,019/min ",,SOCKET,Disponível
PRT-00122-02,Porto,Praça do Bom Sucesso 123,GLP - Galp,11.353,583,74,"€0,2608/charge ","€0,019/min ",,SOCKET,Disponível
PRT-00122-01,Porto,Praça do Bom Sucesso 123,GLP - Galp,11.353,583,74,"€0,2608/charge ","€0,019/min ",,SOCKET,Disponível
VNG-00036-02,Vila Nova de Gaia,Makro Vila Nova de Gaia,GLP - Galp,11.353,583,74,"€0,2608/charge ","€0,019/min ",,SOCKET,Disponível
VNG-00036-01,Vila Nova de Gaia,Makro Vila Nova de Gaia,GLP - Galp,11.353,583,74,"€0,2608/charge ","€0,019/min ",,SOCKET,Em uso
GDM-00006-1,Gondomar,Rua Joaquim Ribeiro,IBD - Iberdrola,11.676,583,22,"€0,02/min ",,,SOCKET,Disponível
MTS-00039-01,Matosinhos,Rua Veloso Salgado,IBD - Iberdrola,11.676,583,22,"€0,02/min ",,,SOCKET,Disponível
MTS-00039-02,Matosinhos,Rua Veloso Salgado,IBD - Iberdrola,11.676,583,22,"€0,02/min ",,,SOCKET,Em uso
PRT-00069-1,Porto,Rua Gen. Norton de Matos,IBD - Iberdrola,11.676,583,22,"€0,02/min ",,,SOCKET,Disponível
PRT-00070-1,Porto,Rua Gen. Norton de Matos,IBD - Iberdrola,11.676,583,22,"€0,02/min ",,,SOCKET,Disponível
PRT-00071-02,Porto,Rua São Roque da Lameira,IBD - Iberdrola,11.676,583,22,"€0,02/min ",,,SOCKET,Disponível
PRT-00071-01,Porto,Rua São Roque da Lameira,IBD - Iberdrola,11.676,583,22,"€0,02/min ",,,SOCKET,Disponível
VLG-00007-1,Valongo,Rua JosÃ© Joaquim Ribeiro Teles,IBD - Iberdrola,11.676,583,22,"€0,02/min ",,,SOCKET,Disponível
VNG-00055-1,Vila Nova de Gaia,Rua Do Emissor,IBD - Iberdrola,11.676,583,22,"€0,02/min ",,,SOCKET,Disponível
VNG-00058-1,Vila Nova de Gaia,Rua Raimundo Carvalho,IBD - Iberdrola,11.676,583,22,"€0,02/min ",,,SOCKET,Disponível
PRT-00047-02,Porto,Rua da Constituição 666,KLC - Atlante,11.972,583,22,"€0,2964/charge ","€0,02/min ",,SOCKET,Disponível
PRT-00047-01,Porto,Rua da Constituição 666,KLC - Atlante,11.972,583,22,"€0,2964/charge ","€0,02/min ",,SOCKET,Disponível
PRT-00158-02,Porto,Estr. da CircunvalaÃ§Ã£o 12 843,KLC - Atlante,11.972,583,22,"€0,2964/charge ","€0,02/min ",,SOCKET,Disponível
PRT-00158-01,Porto,Estr. da CircunvalaÃ§Ã£o 12 843,KLC - Atlante,11.972,583,22,"€0,2964/charge ","€0,02/min ",,SOCKET,Disponível
PRT-00021-1,Porto,R. de Dom Manuel II,LOG - Logical Gravity,11.976,583,74,"€0,3/charge ","€0,02/min ",,SOCKET,Disponível
PRT-00105-1,Porto,Rua Engenheiro Ferreira Dias,PRI - Prio,11.976,583,22,"€0,3/charge ","€0,02/min ",,SOCKET,Disponível
PRT-00105-2,Porto,Rua Engenheiro Ferreira Dias,PRI - Prio,11.976,583,22,"€0,3/charge ","€0,02/min ",,SOCKET,Disponível
PRT-00187-1,Porto,RUA D MANUEL II,LOG - Logical Gravity,11.976,583,74,"€0,3/charge ","€0,02/min ",,SOCKET,Disponível
GDM-00021-01,Gondomar,"Praceta Parque Nascente, 35",EDP - EDP Comercial,13.104,583,74,"€0,2608/charge ","€0,022/min ",,SOCKET,Disponível
GDM-00021-02,Gondomar,"Praceta Parque Nascente, 35",EDP - EDP Comercial,13.104,583,74,"€0,2608/charge ","€0,022/min ",,SOCKET,Em uso
GDM-00022-02,Gondomar,"Praceta Parque Nascente, 35",EDP - EDP Comercial,13.104,583,74,"€0,2608/charge ","€0,022/min ",,SOCKET,Disponível
GDM-00022-01,Gondomar,"Praceta Parque Nascente, 35",EDP - EDP Comercial,13.104,583,74,"€0,2608/charge ","€0,022/min ",,SOCKET,Disponível
GDM-00025-01,Gondomar,"Praceta Parque Nascente, 35",EDP - EDP Comercial,13.104,583,74,"€0,2608/charge ","€0,022/min ",,SOCKET,Disponível
GDM-00025-02,Gondomar,"Praceta Parque Nascente, 35",EDP - EDP Comercial,13.104,583,74,"€0,2608/charge ","€0,022/min ",,SOCKET,Em uso
PRT-00177-02,Porto,"R. de Serralves, nº 124",EDP - EDP Comercial,13.104,583,74,"€0,2608/charge ","€0,022/min ",,SOCKET,Disponível
PRT-00177-01,Porto,"R. de Serralves, nº 124",EDP - EDP Comercial,13.104,583,74,"€0,2608/charge ","€0,022/min ",,SOCKET,Disponível
PRT-00178-01,Porto,"R. de Serralves, nº 124",EDP - EDP Comercial,13.104,583,74,"€0,2608/charge ","€0,022/min ",,SOCKET,Disponível
PRT-00178-02,Porto,"R. de Serralves, nº 124",EDP - EDP Comercial,13.104,583,74,"€0,2608/charge ","€0,022/min ",,SOCKET,Disponível
PRT-00191-1,Porto,"RUA ENG FERREIRA DIAS, Nº728",EDP - EDP Comercial,13.104,583,74,"€0,261/charge ","€0,022/min ",,SOCKET,Disponível
PRT-00192-1,Porto,"RUA ENG FERREIRA DIAS, Nº728",EDP - EDP Comercial,13.104,583,74,"€0,261/charge ","€0,022/min ",,SOCKET,Disponível
PRT-00063-01,Porto,"Avenida da Boavista, 1277","CAP - CAPWATT Services, S.A.",14.855,583,22,"€0,2608/charge ","€0,025/min ",,SOCKET,Disponível
PRT-00063-02,Porto,"Avenida da Boavista, 1277","CAP - CAPWATT Services, S.A.",14.855,583,22,"€0,2608/charge ","€0,025/min ",,SOCKET,Disponível
PRT-00064-01,Porto,"Avenida da Boavista, 1277","CAP - CAPWATT Services, S.A.",14.855,583,22,"€0,2608/charge ","€0,025/min ",,SOCKET,Disponível
PRT-00064-02,Porto,"Avenida da Boavista, 1277","CAP - CAPWATT Services, S.A.",14.855,583,22,"€0,2608/charge ","€0,025/min ",,SOCKET,Disponível
PRT-00065-02,Porto,"Avenida da Boavista, 1277","CAP - CAPWATT Services, S.A.",14.855,583,22,"€0,2608/charge ","€0,025/min ",,SOCKET,Disponível
PRT-00065-01,Porto,"Avenida da Boavista, 1277","CAP - CAPWATT Services, S.A.",14.855,583,22,"€0,2608/charge ","€0,025/min ",,SOCKET,Disponível
PRT-00066-02,Porto,"Avenida da Boavista, 1277","CAP - CAPWATT Services, S.A.",14.855,583,22,"€0,2608/charge ","€0,025/min ",,SOCKET,Disponível
PRT-00066-01,Porto,"Avenida da Boavista, 1277","CAP - CAPWATT Services, S.A.",14.855,583,22,"€0,2608/charge ","€0,025/min ",,SOCKET,Disponível
PRT-00161-04,Porto,"Rua de Santa Catarina, 312 a 350","CAP - CAPWATT Services, S.A.",14.855,583,22,"€0,2608/charge ","€0,025/min ",,SOCKET,Disponível
PRT-00161-03,Porto,"Rua de Santa Catarina, 312 a 350","CAP - CAPWATT Services, S.A.",14.855,583,22,"€0,2608/charge ","€0,025/min ",,SOCKET,Disponível
PRT-00161-01,Porto,"Rua de Santa Catarina, 312 a 350","CAP - CAPWATT Services, S.A.",14.855,583,22,"€0,2608/charge ","€0,025/min ",,SOCKET,Disponível
PRT-00161-06,Porto,"Rua de Santa Catarina, 312 a 350","CAP - CAPWATT Services, S.A.",14.855,583,22,"€0,2608/charge ","€0,025/min ",,SOCKET,Disponível
PRT-00161-05,Porto,"Rua de Santa Catarina, 312 a 350","CAP - CAPWATT Services, S.A.",14.855,583,22,"€0,2608/charge ","€0,025/min ",,SOCKET,Disponível
PRT-00161-02,Porto,"Rua de Santa Catarina, 312 a 350","CAP - CAPWATT Services, S.A.",14.855,583,22,"€0,2608/charge ","€0,025/min ",,SOCKET,Disponível
MAI-00007-01,Maia,Forum Maia,EDP - EDP Comercial,14.892,583,22,"€0,297/charge ","€0,025/min ",,SOCKET,Em uso
MAI-00007-02,Maia,Forum Maia,EDP - EDP Comercial,14.892,583,22,"€0,297/charge ","€0,025/min ",,SOCKET,Disponível
MAI-00008-02,Maia,Forum Maia,EDP - EDP Comercial,14.892,583,22,"€0,297/charge ","€0,025/min ",,SOCKET,Disponível
MAI-00008-01,Maia,Forum Maia,EDP - EDP Comercial,14.892,583,22,"€0,297/charge ","€0,025/min ",,SOCKET,Em uso
MAI-00009-02,Maia,Forum Maia,EDP - EDP Comercial,14.892,583,22,"€0,297/charge ","€0,025/min ",,SOCKET,Disponível
MAI-00009-01,Maia,Forum Maia,EDP - EDP Comercial,14.892,583,22,"€0,297/charge ","€0,025/min ",,SOCKET,Em uso
MAI-00010-02,Maia,Forum Maia,EDP - EDP Comercial,14.892,583,22,"€0,297/charge ","€0,025/min ",,SOCKET,Disponível
MAI-00010-01,Maia,Forum Maia,EDP - EDP Comercial,14.892,583,22,"€0,297/charge ","€0,025/min ",,SOCKET,Disponível
PRT-00145-01,Porto,"Tv. de Antero de Quental, 360",HRZ - Power Dot,14.895,583,74,"€0,3/charge ","€0,025/min ",,SOCKET,Disponível
PRT-00145-02,Porto,"Tv. de Antero de Quental, 360",HRZ - Power Dot,14.895,583,74,"€0,3/charge ","€0,025/min ",,SOCKET,Disponível
GDM-00007-1,Gondomar,Avenida Escritor Costa Barreto,EDP - EDP Comercial,15.018,583,74,"€0,2608/charge ","€0,1/kWh ","€0,015/min ",SOCKET,Disponível
GDM-00008-1,Gondomar,Avenida Escritor Costa Barreto,EDP - EDP Comercial,15.018,583,74,"€0,2608/charge ","€0,1/kWh ","€0,015/min ",SOCKET,Disponível
PRT-00028-1,Porto,Hotel Pestana Freixo,EDP - EDP Comercial,15.018,583,74,"€0,2608/charge ","€0,1/kWh ","€0,015/min ",SOCKET,Disponível
PRT-00029-1,Porto,Hotel Pestana Freixo,EDP - EDP Comercial,15.018,583,74,"€0,2608/charge ","€0,1/kWh ","€0,015/min ",SOCKET,Disponível
PRT-00031-1,Porto,Hotel Vila Galé Porto,EDP - EDP Comercial,15.018,583,74,"€0,2608/charge ","€0,1/kWh ","€0,015/min ",SOCKET,Disponível
PRT-00032-1,Porto,Hotel Vila Galé Porto,EDP - EDP Comercial,15.018,583,74,"€0,2608/charge ","€0,1/kWh ","€0,015/min ",SOCKET,Disponível
PRT-00033-1,Porto,Hotel Vila Galé Porto Ribeira,EDP - EDP Comercial,15.018,583,74,"€0,2608/charge ","€0,1/kWh ","€0,015/min ",SOCKET,Disponível
PRT-00034-1,Porto,Hotel Vila Galé Porto Ribeira,EDP - EDP Comercial,15.018,583,74,"€0,2608/charge ","€0,1/kWh ","€0,015/min ",SOCKET,Disponível
MTS-00018-1,Matosinhos,Av. Fabril do Norte,MLT - Mobiletric,17.191,583,11,"€0,2608/charge ","€0,029/min ",,SOCKET,Disponível
MTS-00019-1,Matosinhos,Av. Fabril do Norte,MLT - Mobiletric,17.191,583,11,"€0,2608/charge ","€0,029/min ",,SOCKET,Disponível
MTS-00020-1,Matosinhos,Av. Fabril do Norte,MLT - Mobiletric,17.191,583,11,"€0,2608/charge ","€0,029/min ",,SOCKET,Disponível
PRT-00092-01,Porto,Rua de Gonçalo Cristóvão,GLP - Galp,17.191,583,11,"€0,2608/charge ","€0,029/min ",,SOCKET,Disponível
PRT-00092-02,Porto,Rua de Gonçalo Cristóvão,GLP - Galp,17.191,583,11,"€0,2608/charge ","€0,029/min ",,SOCKET,Disponível
PRT-00093-02,Porto,Rua de Gonçalo Cristóvão,GLP - Galp,17.191,583,11,"€0,2608/charge ","€0,029/min ",,SOCKET,Disponível
PRT-00093-01,Porto,Rua de Gonçalo Cristóvão,GLP - Galp,17.191,583,11,"€0,2608/charge ","€0,029/min ",,SOCKET,Disponível
VNG-00028-02,Vila Nova de Gaia,Gaia Shopping Piso -1,GLP - Galp,17.191,583,11,"€0,2608/charge ","€0,029/min ",,SOCKET,Em uso
VNG-00028-01,Vila Nova de Gaia,Gaia Shopping Piso -1,GLP - Galp,17.191,583,11,"€0,2608/charge ","€0,029/min ",,SOCKET,Disponível
PRT-00059-1,Porto,Avenida da Boavista,MAK - Maksu,17.514,583,22,"€0,03/min ",,,SOCKET,Disponível
PRT-00060-1,Porto,Avenida da Boavista,MAK - Maksu,17.514,583,22,"€0,03/min ",,,SOCKET,Disponível
PRT-00061-1,Porto,Avenida da Boavista,MAK - Maksu,17.514,583,22,"€0,03/min ",,,SOCKET,Disponível
PRT-00129-1,Porto,Estacionamento Mota-Galiza,MAK - Maksu,17.514,583,22,"€0,03/min ",,,SOCKET,Disponível
PRT-00131-1,Porto,Estacionamento Mota-Galiza,MAK - Maksu,17.514,583,22,"€0,03/min ",,,SOCKET,Disponível
VNG-00050-1,Vila Nova de Gaia,Rua General Torres,MAK - Maksu,17.514,583,22,"€0,03/min ",,,SOCKET,Disponível
VNG-00051-1,Vila Nova de Gaia,Rua Álvares Cabral,MAK - Maksu,17.514,583,22,"€0,03/min ",,,SOCKET,Disponível
VNG-00052-1,Vila Nova de Gaia,Rua Álvares Cabral,MAK - Maksu,17.514,583,22,"€0,03/min ",,,SOCKET,Disponível
VNG-00053-1,Vila Nova de Gaia,Rua Álvares Cabral,MAK - Maksu,17.514,583,22,"€0,03/min ",,,SOCKET,Disponível
VNG-00095-1,Vila Nova de Gaia,"Av. Da República, n.º 1435",REP - Repsol,17.775,583,22,"€0,261/charge ","€0,03/min ",,CABLE,Disponível
VNG-00096-1,Vila Nova de Gaia,"Av. Da República, n.º 1435",REP - Repsol,17.775,583,22,"€0,261/charge ","€0,03/min ",,CABLE,Disponível
VNG-00097-1,Vila Nova de Gaia,"Av. Da República, n.º 1435",REP - Repsol,17.775,583,22,"€0,261/charge ","€0,03/min ",,CABLE,Disponível
PRT-00044-01,Porto,Praça de Lisboa,EDP - EDP Comercial,17.811,583,22,"€0,297/charge ","€0,03/min ",,SOCKET,Em uso
PRT-00044-02,Porto,Praça de Lisboa,EDP - EDP Comercial,17.811,583,22,"€0,297/charge ","€0,03/min ",,SOCKET,Disponível
VNG-00018-02,Vila Nova de Gaia,Rua de Serpa Pinto,EDP - EDP Comercial,17.811,583,22,"€0,297/charge ","€0,03/min ",,SOCKET,Disponível
VNG-00018-01,Vila Nova de Gaia,Rua de Serpa Pinto,EDP - EDP Comercial,17.811,583,22,"€0,297/charge ","€0,03/min ",,SOCKET,Disponível
VNG-00112-02,Vila Nova de Gaia,"Rua da Palmeira, 425",EDP - EDP Comercial,17.811,583,22,"€0,297/charge ","€0,03/min ",,SOCKET,Em uso
VNG-00112-01,Vila Nova de Gaia,"Rua da Palmeira, 425",EDP - EDP Comercial,17.811,583,22,"€0,297/charge ","€0,03/min ",,SOCKET,Disponível
MAI-00023-1,Maia,R. Central de Mandim,HRZ - Power Dot,17.814,583,11,"€0,3/charge ","€0,03/min ",,SOCKET,Disponível
PRT-00087-02,Porto,Rua João Pedro Ribeiro,HRZ - Power Dot,17.814,583,22,"€0,3/charge ","€0,03/min ",,SOCKET,Disponível
PRT-00087-01,Porto,Rua João Pedro Ribeiro,HRZ - Power Dot,17.814,583,22,"€0,3/charge ","€0,03/min ",,SOCKET,Disponível
PRT-00125-02,Porto,Alameda Shop & Spot,PRI - Prio,17.814,583,22,"€0,3/charge ","€0,03/min ",,SOCKET,Disponível
PRT-00125-01,Porto,Alameda Shop & Spot,PRI - Prio,17.814,583,22,"€0,3/charge ","€0,03/min ",,SOCKET,Disponível
PRT-00126-01,Porto,Alameda Shop & Spot,PRI - Prio,17.814,583,22,"€0,3/charge ","€0,03/min ",,SOCKET,Disponível
PRT-00126-02,Porto,Alameda Shop & Spot,PRI - Prio,17.814,583,22,"€0,3/charge ","€0,03/min ",,SOCKET,Disponível
PRT-00193-01,Porto,Av. da Boavista 2528,HRZ - Power Dot,17.814,583,22,"€0,3/charge ","€0,03/min ",,SOCKET,Disponível
PRT-00193-02,Porto,Av. da Boavista 2528,HRZ - Power Dot,17.814,583,22,"€0,3/charge ","€0,03/min ",,SOCKET,Disponível
PRT-00194-02,Porto,Av. da Boavista 2528,HRZ - Power Dot,17.814,583,22,"€0,3/charge ","€0,03/min ",,SOCKET,Disponível
PRT-00194-01,Porto,Av. da Boavista 2528,HRZ - Power Dot,17.814,583,22,"€0,3/charge ","€0,03/min ",,SOCKET,Disponível
VLG-00005-02,Valongo,Rua da Argila,PRI - Prio,17.814,583,22,"€0,3/charge ","€0,03/min ",,SOCKET,Disponível
VLG-00005-01,Valongo,Rua da Argila,PRI - Prio,17.814,583,22,"€0,3/charge ","€0,03/min ",,SOCKET,Disponível
GDM-00024-02,Gondomar,"Praceta Parque Nascente, 35",EDP - EDP Comercial,19.526,583,22,"€0,2608/charge ","€0,033/min ",,SOCKET,Em uso
GDM-00024-01,Gondomar,"Praceta Parque Nascente, 35",EDP - EDP Comercial,19.526,583,22,"€0,2608/charge ","€0,033/min ",,SOCKET,Disponível
PRT-00043-01,Porto,Praça de Lisboa,EDP - EDP Comercial,19.526,583,22,"€0,2608/charge ","€0,033/min ",,SOCKET,Disponível
PRT-00043-02,Porto,Praça de Lisboa,EDP - EDP Comercial,19.526,583,22,"€0,2608/charge ","€0,033/min ",,SOCKET,Disponível
PRT-00045-01,Porto,Praça de Lisboa,EDP - EDP Comercial,19.526,583,22,"€0,2608/charge ","€0,033/min ",,SOCKET,Disponível
PRT-00045-02,Porto,Praça de Lisboa,EDP - EDP Comercial,19.526,583,22,"€0,2608/charge ","€0,033/min ",,SOCKET,Em uso
PRT-00094-1,Porto,Rua do Elísio e do Almada,EDP - EDP Comercial,19.526,583,37,"€0,2608/charge ","€0,033/min ",,SOCKET,Disponível
PRT-00095-1,Porto,Rua do Elísio e do Almada,EDP - EDP Comercial,19.526,583,37,"€0,2608/charge ","€0,033/min ",,SOCKET,Disponível
PRT-00176-01,Porto,"R. de Serralves, nº 124",EDP - EDP Comercial,19.526,583,22,"€0,2608/charge ","€0,033/min ",,SOCKET,Disponível
PRT-00176-02,Porto,"R. de Serralves, nº 124",EDP - EDP Comercial,19.526,583,22,"€0,2608/charge ","€0,033/min ",,SOCKET,Disponível
GDM-00033-02,Gondomar,"Intermarche Jovim, R. das Broas 40, Jovim",EDP - EDP Comercial,19.526,583,22,"€0,261/charge ","€0,033/min ",,SOCKET,Disponível
GDM-00033-01,Gondomar,"Intermarche Jovim, R. das Broas 40, Jovim",EDP - EDP Comercial,19.526,583,22,"€0,261/charge ","€0,033/min ",,SOCKET,Disponível
MTS-00028-02,Matosinhos,Rua Tomaz Ribeiro,EDP - EDP Comercial,19.526,583,22,"€0,261/charge ","€0,033/min ",,SOCKET,Disponível
MTS-00028-01,Matosinhos,Rua Tomaz Ribeiro,EDP - EDP Comercial,19.526,583,22,"€0,261/charge ","€0,033/min ",,SOCKET,Disponível
PRT-00038-01,Porto,Rua Trindade Coelho 9910,EDP - EDP Comercial,19.526,583,22,"€0,261/charge ","€0,033/min ",,SOCKET,Disponível
PRT-00038-02,Porto,Rua Trindade Coelho 9910,EDP - EDP Comercial,19.526,583,22,"€0,261/charge ","€0,033/min ",,SOCKET,Em uso
PRT-00039-01,Porto,Rua Trindade Coelho 9910,EDP - EDP Comercial,19.526,583,22,"€0,261/charge ","€0,033/min ",,SOCKET,Em uso
PRT-00039-02,Porto,Rua Trindade Coelho 9910,EDP - EDP Comercial,19.526,583,22,"€0,261/charge ","€0,033/min ",,SOCKET,Disponível
PRT-00040-02,Porto,Praça de Mouzinho de Albuquerque,EDP - EDP Comercial,19.526,583,22,"€0,261/charge ","€0,033/min ",,SOCKET,Disponível
PRT-00040-01,Porto,Praça de Mouzinho de Albuquerque,EDP - EDP Comercial,19.526,583,22,"€0,261/charge ","€0,033/min ",,SOCKET,Disponível
PRT-00041-02,Porto,Praça de Mouzinho de Albuquerque,EDP - EDP Comercial,19.526,583,22,"€0,261/charge ","€0,033/min ",,SOCKET,Disponível
PRT-00041-01,Porto,Praça de Mouzinho de Albuquerque,EDP - EDP Comercial,19.526,583,22,"€0,261/charge ","€0,033/min ",,SOCKET,Em uso
PRT-00042-02,Porto,Praça de Mouzinho de Albuquerque,EDP - EDP Comercial,19.526,583,22,"€0,261/charge ","€0,033/min ",,SOCKET,Disponível
PRT-00042-01,Porto,Praça de Mouzinho de Albuquerque,EDP - EDP Comercial,19.526,583,22,"€0,261/charge ","€0,033/min ",,SOCKET,Disponível
PRT-00189-1,Porto,"RUA ENG FERREIRA DIAS, Nº728",EDP - EDP Comercial,19.526,583,22,"€0,261/charge ","€0,033/min ",,SOCKET,Disponível
PRT-00190-1,Porto,"RUA ENG FERREIRA DIAS, Nº728",EDP - EDP Comercial,19.526,583,22,"€0,261/charge ","€0,033/min ",,SOCKET,Disponível
MAI-90004-1,Maia,Avenida de José da Silva Soares,GLP - Galp,20.374,583,22,"€0,0349/min ",,,SOCKET,Em uso
MAI-90004-2,Maia,Avenida de José da Silva Soares,GLP - Galp,20.374,583,22,"€0,0349/min ",,,SOCKET,Disponível
PRT-00182-01,Porto,"KFC - Rua das Palmeiras, nÂº51",EDP - EDP Comercial,20.729,583,22,"€0,297/charge ","€0,035/min ",,SOCKET,Disponível
PRT-00182-02,Porto,"KFC - Rua das Palmeiras, nÂº51",EDP - EDP Comercial,20.729,583,22,"€0,297/charge ","€0,035/min ",,SOCKET,Disponível
PRT-00022-2,Porto,Rua dos Campeões Europeus,HRZ - Power Dot,20.732,583,22,"€0,3/charge ","€0,035/min ",,SOCKET,Disponível
PRT-00022-1,Porto,Rua dos Campeões Europeus,HRZ - Power Dot,20.732,583,22,"€0,3/charge ","€0,035/min ",,SOCKET,Disponível
PRT-00024-1,Porto,Rua Dr. António Bernardino de Almeida,HRZ - Power Dot,20.732,583,22,"€0,3/charge ","€0,035/min ",,SOCKET,Disponível
PRT-00024-2,Porto,Rua Dr. António Bernardino de Almeida,HRZ - Power Dot,20.732,583,22,"€0,3/charge ","€0,035/min ",,SOCKET,Disponível
PRT-00025-2,Porto,Rua Dr. António Bernardino de Almeida,HRZ - Power Dot,20.732,583,22,"€0,3/charge ","€0,035/min ",,SOCKET,Disponível
PRT-00025-1,Porto,Rua Dr. António Bernardino de Almeida,HRZ - Power Dot,20.732,583,22,"€0,3/charge ","€0,035/min ",,SOCKET,Disponível
VLG-00003-01,Valongo,R. Tristão Vaz Teixeira 260,HRZ - Power Dot,20.732,583,22,"€0,3/charge ","€0,035/min ",,SOCKET,Disponível
VLG-00003-02,Valongo,R. Tristão Vaz Teixeira 260,HRZ - Power Dot,20.732,583,22,"€0,3/charge ","€0,035/min ",,SOCKET,Disponível
PRT-00141-1,Porto,"Ordem do Medicos, Rua Delfim Maia, 405",MOT - Renewing,20.855,583,11,"€0,2608/charge ","€0,1/kWh (21h-8h)","€0,025/min (8h-21h)",SOCKET,Disponível
PRT-00142-1,Porto,"Ordem do Medicos, Rua Delfim Maia, 405",MOT - Renewing,20.855,583,11,"€0,2608/charge ","€0,1/kWh (21h-8h)","€0,025/min (8h-21h)",SOCKET,Disponível
PRT-00143-1,Porto,"Ordem do Medicos, Rua Delfim Maia, 405",MOT - Renewing,20.855,583,11,"€0,2608/charge ","€0,1/kWh (21h-8h)","€0,025/min (8h-21h)",SOCKET,Disponível
PRT-00144-1,Porto,"Ordem do Medicos, Rua Delfim Maia, 405",MOT - Renewing,20.855,583,11,"€0,2608/charge ","€0,1/kWh (21h-8h)","€0,025/min (8h-21h)",SOCKET,Disponível
VNG-00092-02,Vila Nova de Gaia,R. Fernão de Magalhães 1,EDP - EDP Comercial,22.736,583,22,"€0,2608/charge ","€0,0385/min ",,SOCKET,Disponível
VNG-00092-01,Vila Nova de Gaia,R. Fernão de Magalhães 1,EDP - EDP Comercial,22.736,583,22,"€0,2608/charge ","€0,0385/min ",,SOCKET,Disponível
MTS-00016-1,Matosinhos,Av. Fabril do Norte,MLT - Mobiletric,23.028,583,22,"€0,2608/charge ","€0,039/min ",,SOCKET,Disponível
MTS-00017-1,Matosinhos,Av. Fabril do Norte,MLT - Mobiletric,23.028,583,22,"€0,2608/charge ","€0,039/min ",,SOCKET,Disponível
MTS-00025-01,Matosinhos,Makro Matosinhos,GLP - Galp,23.028,583,22,"€0,2608/charge ","€0,039/min ",,SOCKET,Disponível
MTS-00025-02,Matosinhos,Makro Matosinhos,GLP - Galp,23.028,583,22,"€0,2608/charge ","€0,039/min ",,SOCKET,Disponível
MTS-00041-01,Matosinhos,Rua Fonte das Sete Bicas,GLP - Galp,23.028,583,22,"€0,2608/charge ","€0,039/min ",,SOCKET,Disponível
MTS-00041-02,Matosinhos,Rua Fonte das Sete Bicas,GLP - Galp,23.028,583,22,"€0,2608/charge ","€0,039/min ",,SOCKET,Disponível
MTS-00054-02,Matosinhos,Av. Dr. Óscar Lopes,GLP - Galp,23.028,583,22,"€0,2608/charge ","€0,039/min ",,SOCKET,Disponível
MTS-00054-01,Matosinhos,Av. Dr. Óscar Lopes,GLP - Galp,23.028,583,22,"€0,2608/charge ","€0,039/min ",,SOCKET,Disponível
MTS-00055-02,Matosinhos,Av. Dr. Óscar Lopes,GLP - Galp,23.028,583,22,"€0,2608/charge ","€0,039/min ",,SOCKET,Disponível
MTS-00055-01,Matosinhos,Av. Dr. Óscar Lopes,GLP - Galp,23.028,583,22,"€0,2608/charge ","€0,039/min ",,SOCKET,Disponível
MTS-00056-01,Matosinhos,Av. Dr. Óscar Lopes,GLP - Galp,23.028,583,11,"€0,2608/charge ","€0,039/min ",,SOCKET,Disponível
MTS-00056-02,Matosinhos,Av. Dr. Óscar Lopes,GLP - Galp,23.028,583,11,"€0,2608/charge ","€0,039/min ",,SOCKET,Em uso
MTS-00057-01,Matosinhos,Av. Dr. Óscar Lopes,GLP - Galp,23.028,583,22,"€0,2608/charge ","€0,039/min ",,SOCKET,Disponível
MTS-00057-02,Matosinhos,Av. Dr. Óscar Lopes,GLP - Galp,23.028,583,22,"€0,2608/charge ","€0,039/min ",,SOCKET,Disponível
MTS-00058-02,Matosinhos,Av. Dr. Óscar Lopes,GLP - Galp,23.028,583,22,"€0,2608/charge ","€0,039/min ",,SOCKET,Disponível
MTS-00058-01,Matosinhos,Av. Dr. Óscar Lopes,GLP - Galp,23.028,583,22,"€0,2608/charge ","€0,039/min ",,SOCKET,Disponível
MTS-00059-02,Matosinhos,Av. Dr. Óscar Lopes,GLP - Galp,23.028,583,22,"€0,2608/charge ","€0,039/min ",,SOCKET,Disponível
MTS-00059-01,Matosinhos,Av. Dr. Óscar Lopes,GLP - Galp,23.028,583,22,"€0,2608/charge ","€0,039/min ",,SOCKET,Disponível
MTS-00060-01,Matosinhos,Av. Dr. Óscar Lopes,GLP - Galp,23.028,583,22,"€0,2608/charge ","€0,039/min ",,SOCKET,Disponível
MTS-00060-02,Matosinhos,Av. Dr. Óscar Lopes,GLP - Galp,23.028,583,22,"€0,2608/charge ","€0,039/min ",,SOCKET,Disponível
MTS-00061-02,Matosinhos,Av. Dr. Óscar Lopes,GLP - Galp,23.028,583,22,"€0,2608/charge ","€0,039/min ",,SOCKET,Disponível
MTS-00061-01,Matosinhos,Av. Dr. Óscar Lopes,GLP - Galp,23.028,583,22,"€0,2608/charge ","€0,039/min ",,SOCKET,Disponível
MTS-00062-01,Matosinhos,Av. Dr. Óscar Lopes,GLP - Galp,23.028,583,22,"€0,2608/charge ","€0,039/min ",,SOCKET,Disponível
MTS-00062-02,Matosinhos,Av. Dr. Óscar Lopes,GLP - Galp,23.028,583,22,"€0,2608/charge ","€0,039/min ",,SOCKET,Disponível
MTS-00063-02,Matosinhos,Av. Dr. Óscar Lopes,GLP - Galp,23.028,583,22,"€0,2608/charge ","€0,039/min ",,SOCKET,Disponível
MTS-00063-01,Matosinhos,Av. Dr. Óscar Lopes,GLP - Galp,23.028,583,22,"€0,2608/charge ","€0,039/min ",,SOCKET,Disponível
MTS-00064-02,Matosinhos,Av. Dr. Óscar Lopes,GLP - Galp,23.028,583,22,"€0,2608/charge ","€0,039/min ",,SOCKET,Disponível
MTS-00064-01,Matosinhos,Av. Dr. Óscar Lopes,GLP - Galp,23.028,583,22,"€0,2608/charge ","€0,039/min ",,SOCKET,Disponível
MTS-00065-02,Matosinhos,Av. Dr. Óscar Lopes,GLP - Galp,23.028,583,22,"€0,2608/charge ","€0,039/min ",,SOCKET,Disponível
MTS-00065-01,Matosinhos,Av. Dr. Óscar Lopes,GLP - Galp,23.028,583,22,"€0,2608/charge ","€0,039/min ",,SOCKET,Disponível
MTS-00066-01,Matosinhos,Av. Dr. Óscar Lopes,GLP - Galp,23.028,583,22,"€0,2608/charge ","€0,039/min ",,SOCKET,Disponível
MTS-00066-02,Matosinhos,Av. Dr. Óscar Lopes,GLP - Galp,23.028,583,22,"€0,2608/charge ","€0,039/min ",,SOCKET,Disponível
MTS-00075-01,Matosinhos,Av. Dr. Óscar Lopes,GLP - Galp,23.028,583,22,"€0,2608/charge ","€0,039/min ",,SOCKET,Em uso
MTS-00075-02,Matosinhos,Av. Dr. Óscar Lopes,GLP - Galp,23.028,583,22,"€0,2608/charge ","€0,039/min ",,SOCKET,Disponível
MTS-00076-01,Matosinhos,Av. Dr. Óscar Lopes,GLP - Galp,23.028,583,22,"€0,2608/charge ","€0,039/min ",,SOCKET,Disponível
MTS-00076-02,Matosinhos,Av. Dr. Óscar Lopes,GLP - Galp,23.028,583,22,"€0,2608/charge ","€0,039/min ",,SOCKET,Disponível
MTS-00077-01,Matosinhos,Av. Dr. Óscar Lopes,GLP - Galp,23.028,583,22,"€0,2608/charge ","€0,039/min ",,SOCKET,Em uso
MTS-00077-02,Matosinhos,Av. Dr. Óscar Lopes,GLP - Galp,23.028,583,22,"€0,2608/charge ","€0,039/min ",,SOCKET,Disponível
PRT-00062-02,Porto,Avenida da Boavista 171,MLT - Mobiletric,23.028,583,22,"€0,2608/charge ","€0,039/min ",,SOCKET,Disponível
PRT-00062-01,Porto,Avenida da Boavista 171,MLT - Mobiletric,23.028,583,22,"€0,2608/charge ","€0,039/min ",,SOCKET,Disponível
PRT-00107-1,Porto,Rua de Sá da Bandeira,GLP - Galp,23.028,583,22,"€0,2608/charge ","€0,039/min ",,SOCKET,Disponível
PRT-00109-1,Porto,Rua de Sá da Bandeira,GLP - Galp,23.028,583,22,"€0,2608/charge ","€0,039/min ",,SOCKET,Disponível
PRT-00110-1,Porto,Rua da Pasteleira,MLT - Mobiletric,23.028,583,22,"€0,2608/charge ","€0,039/min ",,SOCKET,Disponível
PRT-00112-1,Porto,Rua da Pasteleira,MLT - Mobiletric,23.028,583,22,"€0,2608/charge ","€0,039/min ",,SOCKET,Disponível
PRT-00113-1,Porto,Rua da Pasteleira,MLT - Mobiletric,23.028,583,22,"€0,2608/charge ","€0,039/min ",,SOCKET,Disponível
PRT-00116-01,Porto,Estrada da Circunvalação,GLP - Galp,23.028,583,22,"€0,2608/charge ","€0,039/min ",,SOCKET,Disponível
PRT-00116-02,Porto,Estrada da Circunvalação,GLP - Galp,23.028,583,22,"€0,2608/charge ","€0,039/min ",,SOCKET,Disponível
PRT-00123-02,Porto,Praça do Bom Sucesso 123,GLP - Galp,23.028,583,22,"€0,2608/charge ","€0,039/min ",,SOCKET,Disponível
PRT-00123-01,Porto,Praça do Bom Sucesso 123,GLP - Galp,23.028,583,22,"€0,2608/charge ","€0,039/min ",,SOCKET,Disponível
PRT-00124-02,Porto,Praça do Bom Sucesso 123,GLP - Galp,23.028,583,22,"€0,2608/charge ","€0,039/min ",,SOCKET,Disponível
PRT-00124-01,Porto,Praça do Bom Sucesso 123,GLP - Galp,23.028,583,22,"€0,2608/charge ","€0,039/min ",,SOCKET,Disponível
PRT-00170-01,Porto,Avenida da Boavista 171,GLP - Galp,23.028,583,22,"€0,2608/charge ","€0,039/min ",,SOCKET,Disponível
PRT-00170-02,Porto,Avenida da Boavista 171,GLP - Galp,23.028,583,22,"€0,2608/charge ","€0,039/min ",,SOCKET,Disponível
VNG-00037-01,Vila Nova de Gaia,Makro Vila Nova de Gaia,GLP - Galp,23.028,583,22,"€0,2608/charge ","€0,039/min ",,SOCKET,Disponível
VNG-00037-02,Vila Nova de Gaia,Makro Vila Nova de Gaia,GLP - Galp,23.028,583,22,"€0,2608/charge ","€0,039/min ",,SOCKET,Disponível
VNG-00038-02,Vila Nova de Gaia,Makro Vila Nova de Gaia,GLP - Galp,23.028,583,22,"€0,2608/charge ","€0,039/min ",,SOCKET,Disponível
VNG-00038-01,Vila Nova de Gaia,Makro Vila Nova de Gaia,GLP - Galp,23.028,583,22,"€0,2608/charge ","€0,039/min ",,SOCKET,Em uso
VNG-00075-02,Vila Nova de Gaia,"Rua Diogo Macedo, 220",GLP - Galp,23.028,583,22,"€0,2608/charge ","€0,039/min ",,SOCKET,Disponível
VNG-00075-01,Vila Nova de Gaia,"Rua Diogo Macedo, 220",GLP - Galp,23.028,583,22,"€0,2608/charge ","€0,039/min ",,SOCKET,Disponível
VNG-00076-02,Vila Nova de Gaia,"Rua Diogo Macedo, 220",GLP - Galp,23.028,583,22,"€0,2608/charge ","€0,039/min ",,SOCKET,Disponível
VNG-00076-01,Vila Nova de Gaia,"Rua Diogo Macedo, 220",GLP - Galp,23.028,583,22,"€0,2608/charge ","€0,039/min ",,SOCKET,Disponível
VNG-00077-02,Vila Nova de Gaia,Rua de Serpa Pinto 124,GLP - Galp,23.028,583,22,"€0,2608/charge ","€0,039/min ",,CABLE,Disponível
VNG-00077-01,Vila Nova de Gaia,Rua de Serpa Pinto 124,GLP - Galp,23.028,583,22,"€0,2608/charge ","€0,039/min ",,CABLE,Disponível
VNG-00078-02,Vila Nova de Gaia,Rua de Serpa Pinto 124,GLP - Galp,23.028,583,22,"€0,2608/charge ","€0,039/min ",,CABLE,Disponível
VNG-00078-01,Vila Nova de Gaia,Rua de Serpa Pinto 124,GLP - Galp,23.028,583,22,"€0,2608/charge ","€0,039/min ",,CABLE,Disponível
VNG-00079-01,Vila Nova de Gaia,Rua de Serpa Pinto 124,GLP - Galp,23.028,583,22,"€0,2608/charge ","€0,039/min ",,CABLE,Disponível
VNG-00079-02,Vila Nova de Gaia,Rua de Serpa Pinto 124,GLP - Galp,23.028,583,22,"€0,2608/charge ","€0,039/min ",,CABLE,Disponível
VNG-00080-01,Vila Nova de Gaia,Rua de Serpa Pinto 124,GLP - Galp,23.028,583,22,"€0,2608/charge ","€0,039/min ",,CABLE,Disponível
VNG-00080-02,Vila Nova de Gaia,Rua de Serpa Pinto 124,GLP - Galp,23.028,583,22,"€0,2608/charge ","€0,039/min ",,CABLE,Disponível
MTS-00097-02,Matosinhos,"Rua Sara Afonso, 4460-841 Sra. da Hora",GLP - Galp,23.029,583,11,"€0,261/charge ","€0,039/min ",,SOCKET,Disponível
MTS-00097-01,Matosinhos,"Rua Sara Afonso, 4460-841 Sra. da Hora",GLP - Galp,23.029,583,22,"€0,261/charge ","€0,039/min ",,SOCKET,Em uso
MTS-00098-01,Matosinhos,"Rua Sara Afonso, 4460-841 Sra. da Hora",GLP - Galp,23.029,583,11,"€0,261/charge ","€0,039/min ",,SOCKET,Disponível
MTS-00098-02,Matosinhos,"Rua Sara Afonso, 4460-841 Sra. da Hora",GLP - Galp,23.029,583,11,"€0,261/charge ","€0,039/min ",,SOCKET,Em uso
VNG-00103-02,Vila Nova de Gaia,Praceta Henrique Moreira 244,GLP - Galp,23.029,583,22,"€0,261/charge ","€0,039/min ",,SOCKET,Disponível
VNG-00103-01,Vila Nova de Gaia,Praceta Henrique Moreira 244,GLP - Galp,23.029,583,22,"€0,261/charge ","€0,039/min ",,SOCKET,Disponível
VNG-00104-01,Vila Nova de Gaia,Praceta Henrique Moreira 244,GLP - Galp,23.029,583,11,"€0,261/charge ","€0,039/min ",,SOCKET,Disponível
VNG-00104-02,Vila Nova de Gaia,Praceta Henrique Moreira 244,GLP - Galp,23.029,583,11,"€0,261/charge ","€0,039/min ",,SOCKET,Disponível
MAI-00014-02,Maia,Estrada Nacional 14,HLX - Helexia,23.216,583,22,"€2,2/charge ",€0/min ,"€0,036/min após 60min ",SOCKET,Disponível
MAI-00014-01,Maia,Estrada Nacional 14,HLX - Helexia,23.216,583,22,"€2,2/charge ",€0/min ,"€0,036/min após 60min ",SOCKET,Disponível
MTS-00099-02,Matosinhos,"Rua de Goa, 2",IBD - Iberdrola,23.611,583,22,"€0,26/charge ","€0,04/min ",,SOCKET,Disponível
MTS-00099-01,Matosinhos,"Rua de Goa, 2",IBD - Iberdrola,23.611,583,22,"€0,26/charge ","€0,04/min ",,SOCKET,Disponível
MTS-00100-02,Matosinhos,"Rua de Goa, 2",IBD - Iberdrola,23.611,583,22,"€0,26/charge ","€0,04/min ",,SOCKET,Disponível
MTS-00100-01,Matosinhos,"Rua de Goa, 2",IBD - Iberdrola,23.611,583,22,"€0,26/charge ","€0,04/min ",,SOCKET,Disponível
MAI-00032-01,Maia,"Rua Dr. Farinhote, 1440",KLS,23.648,583,22,"€0,2964/charge ","€0,04/min ",,SOCKET,Disponível
MAI-00032-02,Maia,"Rua Dr. Farinhote, 1440",KLS,23.648,583,22,"€0,2964/charge ","€0,04/min ",,SOCKET,Disponível
MTS-00022-2,Matosinhos,Rua Lionesa,HRZ - Power Dot,23.651,583,22,"€0,3/charge ","€0,04/min ",,SOCKET,Disponível
MTS-00022-1,Matosinhos,Rua Lionesa,HRZ - Power Dot,23.651,583,22,"€0,3/charge ","€0,04/min ",,SOCKET,Disponível
MTS-00023-2,Matosinhos,Rua Lionesa,HRZ - Power Dot,23.651,583,22,"€0,3/charge ","€0,04/min ",,SOCKET,Disponível
MTS-00023-1,Matosinhos,Rua Lionesa,HRZ - Power Dot,23.651,583,22,"€0,3/charge ","€0,04/min ",,SOCKET,Disponível
VLG-00030-01,Valongo,R. Gil Vicente 75,HGP - High Green Power,26.451,583,22,"€0,7/charge ","€0,04/kWh ","€0,04/min ",SOCKET,Disponível
VLG-00031-01,Valongo,R. Gil Vicente 75,HGP - High Green Power,26.451,583,22,"€0,7/charge ","€0,04/kWh ","€0,04/min ",SOCKET,Disponível
PRT-00159-01,Porto,"Rua Júlio Dinis, 844",EVC - Evce,29.379,583,22,"€0,19/charge ","€0,05/min ",,CABLE,Disponível
PRT-00159-02,Porto,"Rua Júlio Dinis, 844",EVC - Evce,29.379,583,22,"€0,19/charge ","€0,05/min ",,SOCKET,Fora de Serviço
PRT-00001-03,Porto,Avenida de França,MLT - Mobiletric,29.450,583,43,"€0,2608/charge ","€0,05/min ",,CABLE,Disponível
MTS-00001-03,Matosinhos,Largo José Santos Leça,MLT - Mobiletric,34.704,583,43,"€0,2608/charge ","€0,059/min ",,CABLE,Disponível
VNG-00016-03,Vila Nova de Gaia,Avenida Vasco da Gama,MLT - Mobiletric,34.704,583,43,"€0,2608/charge ","€0,059/min ",,CABLE,Em uso
GDM-00016-03,Gondomar,"Rua de Rebordãos, 297",REP - Repsol,35.288,583,22,"€0,261/charge ","€0,06/min ",,CABLE,Disponível
MTS-00044-03,Matosinhos,Avenida da Liberdade - Prolongamento do IP4,REP - Repsol,35.288,583,22,"€0,261/charge ","€0,06/min ",,CABLE,Disponível
PRT-00152-03,Porto,"Rua Monte dos Burgos, nº 316",REP - Repsol,35.288,583,22,"€0,261/charge ","€0,06/min ",,CABLE,Disponível
VLG-00014-03,Valongo,"Rua Eng Duarte Pacheco, 731",REP - Repsol,35.288,583,22,"€0,261/charge ","€0,06/min ",,CABLE,Disponível
PRT-00172-03,Porto,"Estr. da CircunvalaÃ§Ã£o 12 843,",KLC - Atlante,35.323,583,22,"€0,2964/charge ","€0,06/min ",,CABLE,Disponível
PRT-00073-03,Porto,Rua Henrique Medina,KLC - Atlante,41.161,583,43,"€0,2964/charge ","€0,07/min ",,CABLE,Disponível
PRT-00162-03,Porto,R. de O Primeiro de Janeiro,HRZ - Power Dot,44.084,583,43,"€0,3/charge ","€0,075/min ",,CABLE,Disponível
PRT-00163-03,Porto,R. de O Primeiro de Janeiro,HRZ - Power Dot,44.084,583,43,"€0,3/charge ","€0,075/min ",,CABLE,Disponível
PRT-00164-03,Porto,R. de Anselmo Braancamp 329,HRZ - Power Dot,44.084,583,43,"€0,3/charge ","€0,075/min ",,CABLE,Disponível
PRT-00165-03,Porto,R. de Anselmo Braancamp 329,HRZ - Power Dot,44.084,583,43,"€0,3/charge ","€0,075/min ",,CABLE,Disponível
PRT-00166-03,Porto,R. de Anselmo Braancamp 329,HRZ - Power Dot,44.084,583,43,"€0,3/charge ","€0,075/min ",,CABLE,Em uso
PRT-00167-03,Porto,R. de Anselmo Braancamp 329,HRZ - Power Dot,44.084,583,43,"€0,3/charge ","€0,075/min ",,CABLE,Disponível
GDM-00015-03,Gondomar,"Rua Dom António de Castro, 243",KLC - Atlante,46.703,583,43,"€0,08/min ",,,CABLE,Disponível
GDM-00028-01,Gondomar,"Rua Dr. Carlos Moura Guedes (UA: 276),",KLC - Atlante,46.703,583,22,"€0,08/min ",,,CABLE,Disponível
MAI-00015-03,Maia,Rua Engenheiro Frederico Ulrich,KLC - Atlante,46.703,583,43,"€0,08/min ",,,CABLE,Disponível
MAI-00018-03,Maia,"Rua Quinta da Palmeira,",KLC - Atlante,46.703,583,43,"€0,08/min ",,,CABLE,Disponível
MAI-00019-03,Maia,"Rua Senhora da Hora, n,º 108,",KLC - Atlante,46.703,583,43,"€0,08/min ",,,CABLE,Disponível
MAI-00020-03,Maia,"Rua Avelino Francisco Pereira, nº 55",KLC - Atlante,46.703,583,43,"€0,08/min ",,,CABLE,Disponível
MTS-00007-03,Matosinhos,Rua Santos Dias,KLC - Atlante,46.703,583,43,"€0,08/min ",,,CABLE,Disponível
MTS-00035-03,Matosinhos,Rua da Bataria,KLC - Atlante,46.703,583,43,"€0,08/min ",,,CABLE,Disponível
MTS-00036-03,Matosinhos,Avenida António Domingues dos Santos,KLC - Atlante,46.703,583,43,"€0,08/min ",,,CABLE,Disponível
MTS-00105-01,Matosinhos,"Rua Eng.º António Costa Reis, 302/494",KLC - Atlante,46.703,583,22,"€0,08/min ",,,CABLE,Disponível
PRT-00049-03,Porto,Rua de Agramonte,KLC - Atlante,46.703,583,43,"€0,08/min ",,,CABLE,Disponível
PRT-00050-03,Porto,Rua Diogo Botelho,KLC - Atlante,46.703,583,43,"€0,08/min ",,,CABLE,Disponível
PRT-00091-03,Porto,Rua Diamantina,KLC - Atlante,46.703,583,43,"€0,08/min ",,,CABLE,Disponível
PRT-00096-03,Porto,Rua Professor Joaquim Bastos,KLC - Atlante,46.703,583,43,"€0,08/min ",,,CABLE,Disponível
PRT-00147-01,Porto,"Estrada da Circunvalação, n.º 13941 a 13975",KLC - Atlante,46.703,583,22,"€0,08/min ",,,CABLE,Disponível
VLG-00016-01,Valongo,"Rua Professor Joaquim Teixeira, n.º 41/71",KLC - Atlante,46.703,583,22,"€0,08/min ",,,CABLE,Disponível
VLG-00020-01,Valongo,Rua 1.º de Maio – São Vicente de Alfena,KLC - Atlante,46.703,583,22,"€0,08/min ",,,CABLE,Disponível
VNG-00062-03,Vila Nova de Gaia,Rua Doutor Francisco Sá Carneiro,KLC - Atlante,46.703,583,43,"€0,08/min ",,,CABLE,Disponível
VNG-00071-01,Vila Nova de Gaia,"Rua Nova de Alvites, n,º 231,",KLC - Atlante,46.703,583,22,"€0,08/min ",,,CABLE,Disponível
VNG-00109-01,Vila Nova de Gaia,"Avenida dos Descobrimentos,",KLC - Atlante,46.703,583,22,"€0,08/min ",,,CABLE,Fora de Serviço
GDM-00003-03,Gondomar,Rua Infante Dom Henrique,KLC - Atlante,46.999,583,22,"€0,2964/charge ","€0,08/min ",,CABLE,Em uso
GDM-00027-03,Gondomar,"Praceta Parque Nascente, 35",EDP - EDP Comercial,47.000,583,22,"€0,297/charge ","€0,08/min ",,CABLE,Disponível
PRT-00181-03,Porto,R. Sra. do Porto 930,HRZ - Power Dot,52.403,583,22,"€0,3/charge ","€0,09/kWh ","€0,08/min ",SOCKET,Disponível
VLG-00015-03,Valongo,"Lugar Campo Barreiro, SusÃ£o, R. Dom Pedro IV",KLC - Atlante,52.837,583,22,"€0,2964/charge ","€0,09/min ",,SOCKET,Disponível
VNG-00032-03,Vila Nova de Gaia,R. 28 de Janeiro,KLC - Atlante,52.837,583,43,"€0,2964/charge ","€0,09/min ",,CABLE,Disponível
MAI-00021-03,Maia,Forum Maia,EDP - EDP Comercial,52.838,583,43,"€0,297/charge ","€0,09/min ",,CABLE,Disponível
PRT-00075-03,Porto,Rua Nove de Abril,EDP - EDP Comercial,52.838,583,43,"€0,297/charge ","€0,09/min ",,CABLE,Disponível
PRT-00077-03,Porto,Praça de Francisco Sá Carneiro,EDP - EDP Comercial,52.838,583,43,"€0,297/charge ","€0,09/min ",,CABLE,Disponível
PRT-00078-03,Porto,Praça de Francisco Sá Carneiro,EDP - EDP Comercial,52.838,583,43,"€0,297/charge ","€0,09/min ",,CABLE,Disponível
PRT-00079-03,Porto,Avenida Conselho da Europa,EDP - EDP Comercial,52.838,583,43,"€0,297/charge ","€0,09/min ",,CABLE,Disponível
PRT-00089-03,Porto,Rua do Jornal de Noticias,EDP - EDP Comercial,52.838,583,43,"€0,297/charge ","€0,09/min ",,CABLE,Disponível
PRT-00090-03,Porto,Rua do Jornal de Noticias,EDP - EDP Comercial,52.838,583,43,"€0,297/charge ","€0,09/min ",,CABLE,Disponível
MAI-00017-03,Maia,Rua da Fábrica,HRZ - Power Dot,52.841,583,43,"€0,3/charge ","€0,09/min ",,CABLE,Disponível
VNG-00041-03,Vila Nova de Gaia,Rua Rocha Leão,HRZ - Power Dot,52.841,583,43,"€0,3/charge ","€0,09/min ",,CABLE,Disponível
VNG-00042-03,Vila Nova de Gaia,Rua Rocha Leão,HRZ - Power Dot,52.841,583,43,"€0,3/charge ","€0,09/min ",,CABLE,Disponível
PRT-00173-03,Porto,Estr. da Circunvalação 10853,HRZ - Power Dot,53.003,583,22,"€0,3/charge ","€0,1/kWh ","€0,08/min ",SOCKET,Disponível
GDM-00017-03,Gondomar,R. Fernão de Magalhães 584,EDP - EDP Comercial,57.038,583,22,"€0,297/charge ","€0,07/kWh ","€0,09/min ",CABLE,Disponível
GDM-00018-03,Gondomar,Rua Dr. Carlos Moura Guedes N51,EDP - EDP Comercial,57.038,583,22,"€0,297/charge ","€0,07/kWh ","€0,09/min ",CABLE,Disponível
GDM-00019-03,Gondomar,"Rua Nossa Srª do Amparo, nº 1033",EDP - EDP Comercial,57.038,583,22,"€0,297/charge ","€0,07/kWh ","€0,09/min ",SOCKET,Disponível
MAI-00028-03,Maia,"Via Periférica c/Av. Sts de Leite, L de Cat.",EDP - EDP Comercial,57.038,583,22,"€0,297/charge ","€0,07/kWh ","€0,09/min ",SOCKET,Em uso
MTS-00043-03,Matosinhos,Avenida da Liberdade,EDP - EDP Comercial,57.038,583,22,"€0,297/charge ","€0,07/kWh ","€0,09/min ",CABLE,Em uso
MTS-00046-03,Matosinhos,Rua Heróis de França 905,EDP - EDP Comercial,57.038,583,22,"€0,297/charge ","€0,07/kWh ","€0,09/min ",CABLE,Em uso
VNG-00068-03,Vila Nova de Gaia,McDonald´s - Gaia,EDP - EDP Comercial,57.038,583,22,"€0,297/charge ","€0,07/kWh ","€0,09/min ",CABLE,Disponível
PRT-00134-03,Porto,RUA JOSE GOMES FERREIRA 10 LT,KLC - Atlante,58.378,583,22,"€0,1/min ",,,CABLE,Em uso
MAI-00026-01,Maia,"Rua Engº Frederico Ulrich, 3369",KLC - Atlante,58.675,583,22,"€0,2964/charge ","€0,1/min ",,CABLE,Em uso
MAI-00027-01,Maia,R. 5 de Outubro 84,KLC - Atlante,58.675,583,22,"€0,2964/charge ","€0,1/min ",,CABLE,Disponível
MTS-00052-01,Matosinhos,"Rua Brito e Cunha, 810 ",KLC - Atlante,58.675,583,22,"€0,2964/charge ","€0,1/min ",,CABLE,Disponível
PRT-00048-03,Porto,Rua da Constituição 666,KLC - Atlante,58.675,583,43,"€0,2964/charge ","€0,1/min ",,SOCKET,Disponível
PRT-00153-01,Porto,Estrada Exterior da Circunvalação (EN 12),KLC - Atlante,58.675,583,22,"€0,2964/charge ","€0,1/min ",,CABLE,Disponível
PRT-00154-01,Porto,"Rua Central de Francos, 744-758",KLC - Atlante,58.675,583,22,"€0,2964/charge ","€0,1/min ",,CABLE,Disponível
PRT-00155-03,Porto,"Avenida Marechal Gomes da Costa, 855",KLC - Atlante,58.675,583,22,"€0,2964/charge ","€0,1/min ",,CABLE,Disponível
PRT-00156-01,Porto,"Rua do Lidador, 109 -111",KLC - Atlante,58.675,583,22,"€0,2964/charge ","€0,1/min ",,CABLE,Disponível
VLG-00022-01,Valongo,Gaveto - Praceta de Moçambique,KLC - Atlante,58.675,583,22,"€0,2964/charge ","€0,1/min ",,CABLE,Em uso
MTS-00011-03,Matosinhos,Amieira Via Norte EN13 KM 0.76,EDP - EDP Comercial,58.675,583,43,"€0,297/charge ","€0,1/min ",,CABLE,Disponível
MAI-00005-03,Maia,Rua do Barreiro,HRZ - Power Dot,58.678,583,43,"€0,3/charge ","€0,1/min ",,CABLE,Disponível
PRT-00051-03,Porto,Estrada da Circunvalação 10853,HRZ - Power Dot,58.678,583,43,"€0,3/charge ","€0,1/min ",,CABLE,Disponível
PRT-00052-03,Porto,Avenida do Parque,HRZ - Power Dot,58.678,583,43,"€0,3/charge ","€0,1/min ",,CABLE,Disponível
VLG-00002-03,Valongo,R. Tristão Vaz Teixeira 260,HRZ - Power Dot,58.678,583,43,"€0,3/charge ","€0,1/min ",,SOCKET,Disponível
VNG-00059-03,Vila Nova de Gaia,Rua do Jardim,HRZ - Power Dot,58.678,583,43,"€0,3/charge ","€0,1/min ",,SOCKET,Disponível
VNG-00060-03,Vila Nova de Gaia,Rua da Bélgica,HRZ - Power Dot,58.678,583,43,"€0,3/charge ","€0,1/min ",,CABLE,Disponível
MAI-00012-03,Maia,Estrada Nacional 14,HLX - Helexia,60.878,583,43,"€2,5/charge ",€0/min ,"€0,1/min após 25min ",CABLE,Disponível
MAI-00013-03,Maia,Estrada Nacional 14,HLX - Helexia,60.878,583,43,"€2,5/charge ",€0/min ,"€0,1/min após 25min ",CABLE,Disponível
MTS-00106-01,Matosinhos,Rua Sá e Melo,KLC - Atlante,64.216,583,22,"€0,11/min ",,,CABLE,Disponível
VNG-00107-01,Vila Nova de Gaia,"R. Dona Maria da Costa Basto 16,",KLC - Atlante,64.216,583,11,"€0,11/min ",,,CABLE,Disponível
GDM-00032-01,Gondomar,"Estr. Dom Miguel 1427,",KLC - Atlante,64.477,583,22,"€0,2608/charge ","€0,11/min ",,CABLE,Disponível
MAI-00031-01,Maia,"R. Eng. Frederico Ulrich 15,",KLC - Atlante,64.477,583,22,"€0,2608/charge ","€0,11/min ",,CABLE,Disponível
FEUP-00001-03,Porto,FEUP - Rua Roberto Frias,GLP - Galp,70.315,583,43,"€0,2608/charge ","€0,12/min ",,CABLE,Disponível
FEUP-00002-03,Porto,FEUP - Rua Roberto Frias,GLP - Galp,70.315,583,43,"€0,2608/charge ","€0,12/min ",,CABLE,Disponível
GDM-00011-03,Gondomar,Av.General Humberto Delgado,GLG - Galpgeste,70.315,583,43,"€0,2608/charge ","€0,12/min ",,CABLE,Disponível
MTS-00024-03,Matosinhos,Posto Galp Torres e Vaz,GLG - Galpgeste,70.315,583,43,"€0,2608/charge ","€0,12/min ",,CABLE,Disponível
MTS-00029-03,Matosinhos,Posto Galp V.Rapida Nascente,GLG - Galpgeste,70.315,583,43,"€0,2608/charge ","€0,12/min ",,CABLE,Disponível
MTS-00031-03,Matosinhos,"Estrada Ext. Da Circunvalação En 12 Km 0,7",GLG - Galpgeste,70.315,583,43,"€0,2608/charge ","€0,12/min ",,CABLE,Disponível
MTS-00038-03,Matosinhos,Av. Mario de Brito S/N,GLP - Galp,70.315,583,43,"€0,2608/charge ","€0,12/min ",,CABLE,Disponível
PRT-00019-03,Porto,Av. Sidónio Pais,GLG - Galpgeste,70.315,583,43,"€0,2608/charge ","€0,12/min ",,CABLE,Disponível
PRT-00098-03,Porto,Rua de Sá da Bandeira,GLP - Galp,70.315,583,43,"€0,2608/charge ","€0,12/min ",,CABLE,Disponível
PRT-00106-03,Porto,Rua de Sá da Bandeira,GLP - Galp,70.315,583,43,"€0,2608/charge ","€0,12/min ",,CABLE,Em uso
PRT-00127-03,Porto,Rua de Entrecampos,GLG - Galpgeste,70.315,583,43,"€0,2608/charge ","€0,12/min ",,CABLE,Disponível
PRT-00128-03,Porto,"Estrada Exterior da Circunvalação, 82-130",GLG - Galpgeste,70.315,583,43,"€0,2608/charge ","€0,12/min ",,CABLE,Disponível
VNG-00019-03,Vila Nova de Gaia,Avenida Vasco Da Gama,GLG - Galpgeste,70.315,583,43,"€0,2608/charge ","€0,12/min ",,CABLE,Disponível
GDM-00013-03,Gondomar,"Rua Fernão de Magalhães, 431",REP - Repsol,70.315,583,43,"€0,261/charge ","€0,12/min ",,CABLE,Disponível
PRT-00097-03,Porto,Rua Conde da Covilhã,REP - Repsol,70.315,583,43,"€0,261/charge ","€0,12/min ",,CABLE,Disponível
PRT-00132-03,Porto,Avenida Fernão de Magalhães,REP - Repsol,70.315,583,22,"€0,261/charge ","€0,12/min ",,CABLE,Disponível
PRT-00133-03,Porto,Avenida Marechal Gomes da Costa,REP - Repsol,70.315,583,22,"€0,261/charge ","€0,12/min ",,CABLE,Disponível
PRT-00180-03,Porto,Rua de Júlio Dinis 320,REP - Repsol,70.315,583,22,"€0,261/charge ","€0,12/min ",,CABLE,Disponível
VNG-00072-03,Vila Nova de Gaia,"Área de Serviço de V. N. de Gaia, A1 km 295,7",EDP - EDP Comercial,87.991,583,22,"€0,2608/charge ","€0,1/kWh ","€0,14/min ",SOCKET,Disponível
VNG-00073-03,Vila Nova de Gaia,"Área de Serviço de V. N. de Gaia, A1 km 295,7",EDP - EDP Comercial,87.991,583,22,"€0,2608/charge ","€0,1/kWh ","€0,14/min ",SOCKET,Disponível
